State,Terminal Locations,E10,ULP,95 Premium,98 Premium,Diesel,Date
NSW,Silverwater,245.19,246.86,257.70,N/A,277.68,2026-10-10
NSW,Botany,245.19,246.86,257.70,266.08,277.68,2026-10-10
NSW,Newcastle,244.67,248.25,258.54,N/A,277.10,2026-10-10
VIC,Melbourne,243.69,246.26,259.35,266.00,277.08,2026-10-10
SA,Birkenhead,N/A,244.20,255.76,261.92,275.59,2026-10-10
QLD,Whinstanes,242.77,246.73,258.37,265.74,276.10,2026-10-10
QLD,Gladstone,N/A,247.54,258.72,N/A,275.43,2026-10-10
QLD,Mackay,242.73,248.05,257.92,N/A,275.72,2026-10-10
QLD,Townsville,N/A,247.73,N/A,264.53,275.53,2026-10-10
QLD,Cairns,240.32,247.03,260.74,N/A,275.63,2026-10-10
WA,Perth,N/A,240.89,249.74,253.78,258.04,2026-10-10
NT,Darwin,N/A,261.29,271.18,N/A,298.02,2026-10-10
